,HOSPITAL NAME,LOCATION,NO. OF DOCTORS,NO. OF BEDS
0,Sir Ganga Ram Hospital,"Old Rajendra Nagar, Delhi",264,654
1,Max Super Speciality Hospital,"Saket, Delhi",260,250
2,Bombay Hospital & Medical Research Centre,"Marine Lines, Mumbai",224,900
3,Bhatia  Hospital,"Tardeo, Mumbai",205,209
5,Apollo Hospitals,"Jubilee Hills, Hyderabad",175,550
6,Manipal Hospital,"Old Airport Road, Bangalore",173,100
7,Saifee Hospital,"Charni Road, Mumbai",170,256
8,KIMS - Krishna Institute of Medical Sciences,"Secunderabad, Hyderabad",163,1000
9,S L Raheja Fortis Hospital,"Mahim, Mumbai",158,140
11,St.Isabel's Hospital,"Mylapore, Chennai",142,300
13,Max Superspeciality Hospital,"Shalimar Bagh, Delhi",135,300
14,Continental Hospitals,"Gachibowli, Hyderabad",133,750
15,Ruby Hall Clinic,"Dhole Patil Road, Pune",132,550
16,Care Hospitals,"Banjara Hills, Hyderabad",125,200
17,Masina Hospital ,"Byculla, Mumbai",121,232
18,Blk Super Speciality Hospital,"Pusa Road, Delhi",120,650
19,Fortis Hospital,"Mulund West, Mumbai",117,261
20,Godrej Memorial Hospital,"Vikhroli, Mumbai",105,110
21,Max Hospital,"Pitampura, Delhi",101,120
22,Max Smart Super Speciality Hospital,"Saket, Delhi",97,500
24,St Stephens Hospital,"Tis Hazari, Delhi",93,600
27,Fortis Hospital,"Vasant Kunj, Delhi",89,200
28,Apollo Speciality Cancer Hospital,"Teynampet, Chennai",87,500
32,Global Hospital,"Perumbakkam, Chennai",75,1000
33,Sanjeevan Hospital,"Darya Ganj, Delhi",73,100
34,Fortis Malar Hospital,"Adyar, Chennai",68,500
36,Mata Chanan Devi Hospital,"Janak Puri, Delhi",66,210
38,BSES MG Hospital,"Andheri West, Mumbai",65,100
39,Kamineni Hospitals,"LB Nagar, Hyderabad",65,350
40,Deenanath Mangeshkar Hospital,"Erandwane, Pune",65,700
41,Hindustan Health Point,"Garia, Kolkata",64,100
44,Batra Hospital & Medical Research Centre,"Tuglakabad, Delhi",58,495
46,Innova Hospital And Research Centre,"Tarnaka, Hyderabad",57,100
48,St. Philomena's Hospital,"Viveknagar, Bangalore",55,400
52,Fortis Escorts,"Okhla, Delhi",52,310
53,Yashoda Hospital,"Secunderabad, Hyderabad",51,500
54,Jaipur Golden Hospital,"Rohini, Delhi",51,250
56,People Tree Hospitals,"Yeshwanthpur, Bangalore",50,200
57,Fortis Hospital,"Shalimar Bagh, Delhi",50,282
58,Hindu Mission Hospital,"Tambaram West, Chennai",50,220
61,Mallige Medical Centre,"Kumara Park West, Bangalore",48,150
64,Bhagwan Mahaveer Jain Hospital - Vasanthnagar,"Millers Road, Bangalore",45,500
69,Abhijay Hospital Pvt Ltd,"Perambur, Chennai",43,100
73,Billroth Hospitals,"Shenoy Nagar, Chennai",42,600
75,Criti Care Multi Speciality Hospital & Research Centre,"Andheri West, Mumbai",39,100
78,Guru Nanak Hospital,"Bandra East, Mumbai",37,120
79,Maharashtra Medical Foundation - Joshi Hospital,"Shivaji Nagar, Pune",37,110
82,Venkateshwar Hospital,"Dwarka, Delhi",36,325
84,Sancheti Hospital,"Shivaji Nagar, Pune",35,200
88,Medwin Hospitals,"Nampally, Hyderabad",34,200
92,Sri Sri Holistic Hospitals,"Nizampet, Hyderabad",33,100
93,People Tree Hospitals - Meenakshi,"Banashankari, Bangalore",33,100
94,Cloudnine Hospital,"T Nagar, Chennai",33,150
96,Rockland Hospital,"Dwarka, Delhi",33,100
97,Sahyadri Hospitals,"Deccan Gymkhana, Pune",33,200
98,Indraprastha Apollo Hospitals,"Sarita Vihar, Delhi",32,100
99,KIMS Hospital,"Kondapur, Hyderabad",32,150
100,Holy Spirit Hospital,"Andheri East, Mumbai",32,300
101,Aditya Birla Memorial Hospital,"Chinchwad, Pune",32,500
105,Zoi Hospitals,"Somajiguda, Hyderabad",31,104
106,Manipal Hospital,"Vidhyadhar Nagar, Jaipur",31,251
107,Madras Medical Mission Hospital,"Mogappair, Chennai",31,100
108,Dr. Jivraj Mehta Smarak Health Foundation,"Vasna, Ahmedabad",31,220
113,MaxCure Hospitals,"Madhapur, Hyderabad",30,220
114,Sagar Hospital,"Jayanagar, Bangalore",30,200
118,St John Medical College and Hospital,"Sarjapur Road, Bangalore",29,1348
125,Tirath Ram Shah Hospital,"Civil Lines, Delhi",28,200
128,Kailash Hospital,"Sector 27, Noida",27,325
131,Jaslok Hospital,"Peddar Road, Mumbai",27,364
132,MGS Super Speciality Hospital,"Punjabi Bagh, Delhi",27,100
134,Challa Hospitals,"Ameerpet, Hyderabad",27,100
135,BGS Global Hospital,"Kengeri, Bangalore",27,100
141,BBR Super Speciality Hospital,"Balanagar, Hyderabad",26,175
143,Brookefield Hospital,"Kundalahalli, Bangalore",25,100
144,Global Hospital,"Lakdikapul, Hyderabad",25,100
145,Omega Hospital,"Banjara Hills, Hyderabad",25,150
147,Metro Hospital and Cancer Institute,"Preet Vihar, Delhi",25,155
148,Shifaa Hospital,"Vasanthnagar, Bangalore",25,200
149,Metro Multispeciality Hospital,"Sector 11, Noida",25,207
152,Medipoint Hospital,"Aundh, Pune",25,102
157,Kauvery Hospitals,"Mylapore, Chennai",24,100
158,Sunshine Hospital,"Secunderabad, Hyderabad",24,450
161,Omni Hospitals,"Kothapet, Hyderabad",23,250
162,Apollo Hospital - Tondiarpet,"Tondiarpet, Chennai",23,100
165,Sanjeevan Hospital,"Karve Nagar, Pune",23,105
167,MITR Hospitals,"Sector 35, Noida",23,100
170,Felix Hospital,"Sector 137, Noida",22,150
171,Russh Super Specialty Hospital,"Suchitra Circle, Hyderabad",22,150
174,Seven Eleven Hospital,"Mira Road, Mumbai",22,150
179,Dharamshila Hospital,"Vasundhra Enclave, Delhi",21,250
180,Pristine Hospital,"West Of Chord Road, Bangalore",21,100
186,Alpha Hospital,"Charminar, Hyderabad",21,120
187,Landmark Hospitals,"Nizampet, Hyderabad",21,100
189,Amri Hospitals,"Salt Lake, Kolkata",21,210
195,Delhi Heart And Lung Institute,"Mandir Marg, Delhi",20,100
198,Vikram Hospital,"Millers Road, Bangalore",19,225
205,Thatha Hospital,"Kapra, Hyderabad",19,100
215,Columbia Asia Hospital,"Whitefield, Bangalore",18,150
220,MyCure Hospital - Jagdamba Junction,"Maharani Peta, Visakhapatnam",18,100
223,Platinum Hospital,"Mulund East, Mumbai",17,100
226,Apollo Medical Center,"Karapakkam, Chennai",17,100
227,Venkataeswara Hospitals,"Nandanam, Chennai",17,130
229,Sai Sanjeevini Hospitals,"Kothapet, Hyderabad",17,120
233,Pace Hospitals,"Begumpet, Hyderabad",17,100
234,Shalivahana Multi Speciality Hospital,"Dilsukhnagar, Hyderabad",17,100
238,Surya Mother & Child Super Speciality Hospital,"Wakad, Pune",16,100
240,Pace Hospital,"Hitech City, Hyderabad",16,100
241,RLKC Hospital & Metro Heart Institute,"Pandav Nagar, Delhi",16,102
245,Lotus Hospital for Women and Childrens,"Lakdikapul, Hyderabad",16,150
247,Columbia Asia Hospitals,"Salt Lake, Kolkata",16,100
251,MediHope Super Speciality Hospital,"New Thippasandra, Bangalore",16,110
254,Geetha Multi Speciality Hospital,"West Marredpally, Hyderabad",15,100
255,Vivekananda Polyclinic & Institute Of Medical Sciences,"Niralanagar, Lucknow",15,350
257,AMRI Hospital,"Dhakuria, Kolkata",15,1000
259,Jeevan Anmol Hospital,"Mayur Vihar Ph-I, Delhi",15,100
260,NU Hospitals,"Rajajinagar, Bangalore",15,100
261,P D Hinduja Sindhi Hospital ,"Sampangiramnagar, Bangalore",15,100
264,K M Speciality & Pediatric Care,"KK Nagar, Chennai",15,100
266,Sims Hospital (Srm Institutes For Medical Science),"Vadapalani, Chennai",15,360